"genotype","node_2","node_3"
"1","Agbagba",3,4
"2","BITA-2",8,3
"3","BITA-3",11,9
"4","Burro Cemsa",0,5
"5","Cachaco",17,31
"6","Calcutta 4",5,2
"7","CRBP-39",16,11
"8","EMB 403",3,4
"9","FHIA-01",11,4
"10","FHIA-02",12,2
"11","FHIA-03",14,4
"12","FHIA-17",12,7
"13","FHIA-18",16,3
"14","FHIA-20",4,3
"15","FHIA-21",14,4
"16","FHIA-23",19,8
"17","FHIA-25",14,5
"18","French Sombre",1,5
"19","Grande Naine",2,3
"20","Gros Michel",16,27
"21","Kisansa",12,11
"22","Lakatan",5,1
"23","Mbwazirume",12,26
"24","Nakitembe",12,11
"25","NARITA 10",13,30
"26","NARITA 11",13,29
"27","NARITA 12",12,33
"28","NARITA 13",12,38
"29","NARITA 14",12,25
"30","NARITA 15",1,21
"31","NARITA 16",12,10
"32","NARITA 18",12,28
"33","NARITA 19",0,23
"34","NARITA 2",13,31
"35","NARITA 20",1,23
"36","NARITA 21",12,35
"37","NARITA 22",6,17
"38","NARITA 23",12,19
"39","NARITA 24",12,12
"40","NARITA 25",0,9
"41","NARITA 26",0,26
"42","NARITA 27",1,23
"43","NARITA 4",12,29
"44","NARITA 6",12,14
"45","NARITA 7",13,38
"46","NARITA 8",12,28
"47","NARITA 9",6,10
"48","Ndizi Uganda",0,19
"49","Niyarma Yik",6,7
"50","PA 03-22",4,2
"51","Pisang Berlin",6,5
"52","Pisang Ceylan",31,25
"53","Pisang Jari Buaya",9,0
"54","PITA-16",11,5
"55","PV 03-44",7,7
"56","Rose",4,2
"57","Saba",7,6
"58","SH-3436-9",13,9
"59","SH-3640",13,10
"60","Valery",2,5
"61","Williams",24,37
"62","Yangambi Km5",17,8
